Model,Accuracy,Precision,Recall,F1-score,ROC-AUC
Logistic Regression,0.8478260869565217,0.900990099009901,0.8348623853211009,0.8666666666666667,0.9168195718654435
