Model,Accuracy,Precision,Recall,F1-score,ROC-AUC
Logistic Regression,0.8478260869565217,0.900990099009901,0.8348623853211009,0.8666666666666667,0.9168195718654436
SVM,0.8478260869565217,0.8490566037735849,0.8823529411764706,0.8653846153846154,0.925872788139646
Random Forest,0.8315217391304348,0.89,0.8165137614678899,0.8516746411483254,0.9190825688073396
