Model,Accuracy,Precision,Recall,F1-score,ROC-AUC
Random Forest,0.8315217391304348,0.89,0.8165137614678899,0.8516746411483254,0.9190825688073395
