Model,Accuracy,Precision,Recall,F1-Score,ROC-AUC
SVM,0.8478260869565217,0.8490566037735849,0.8823529411764706,0.8653846153846154,0.9258727881396461
